{   
    "He":{
        "charge": 0,
        "Io": 24.5873880,
        "noElectrons": 2,
        "atomicNumber": 2,
        "mass": 4.002602,
        "cores": {
            "1": [[1, 0, 1]]
        }
    },

    "C":{
        "charge": 0,
        "Io": 11.2602880,
        "noElectrons": 6,
        "atomicNumber": 6,
        "mass": 12.0107,
        "cores": {
            "1": [[1, 0, 2], [2, 0, 2], [2, 1, 2]],
            "2": [[1, 0, 2], [2, 0, 1], [2, 1, 3]],
            "3": [[1, 0, 2], [2, 0, 2], [2, 1, 1]],
            "4": [[1, 0, 2], [2, 0, 1], [2, 1, 3]]
        }
    },

    "C+":{
        "charge": 1,
        "Io": 24.383154,
        "noElectrons": 5,
        "atomicNumber": 6,
        "mass": 12.0107,
        "cores": {
            "1": [[1, 0, 2], [2, 0, 2], [2, 1, 1]],
            "2": [[1, 0, 2], [2, 0, 1], [2, 1, 2]],
            "3": [[1, 0, 2], [2, 1, 3]],
            "4": [[1, 0, 2], [2, 0, 2]],
            "5": [[1, 0, 2], [2, 0, 1], [2, 1, 1]]
        }
    },

    "N":{
        "charge": 0,
        "Io": 14.53413,
        "noElectrons": 7,
        "atomicNumber": 7,
        "mass": 14.0067,
        "cores": {
            "1": [[1, 0, 2], [2, 0, 2], [2, 1, 4]],
            "2": [[1, 0, 2], [2, 0, 2], [2, 1, 3]],
            "3": [[1, 0, 2], [2, 0, 2], [2, 1, 2]]
        }
    },

    "N+":{
        "charge": 1,
        "Io": 29.60125,
        "noElectrons": 6,
        "atomicNumber": 7,
        "mass": 14.0067,
        "cores": {
            "1": [[1, 0, 2], [2, 0, 2], [2, 1, 2]],
            "2": [[1, 0, 2], [2, 0, 1], [2, 1, 3]],
            "3": [[1, 0, 2], [2, 1, 4]],
            "4": [[1, 0, 2], [2, 0, 2], [2, 1, 1]],
            "5": [[1, 0, 2], [2, 0, 1], [2, 1, 2]]
        }
    },

    "N++":{
        "charge": 2,
        "Io": 47.4453,
        "noElectrons": 5,
        "atomicNumber": 7,
        "mass": 14.0067,
        "cores": {
            "1": [[1, 0, 2], [2, 0, 2], [2, 1, 1]],
            "2": [[1, 0, 2], [2, 0, 1], [2, 1, 2]],
            "3": [[1, 0, 2], [2, 1, 3]],
            "4": [[1, 0, 2], [2, 1, 2]],
            "5": [[1, 0, 2], [2, 0, 1], [2, 1, 1]]
        }
    },

    "O":{
        "charge": 0,
        "Io": 13.618055,
        "noElectrons": 8,
        "atomicNumber": 8,
        "mass": 15.999,
        "cores": {
            "1": [[1, 0, 2], [2, 0, 2], [2, 1, 4]],
            "2": [[1, 0, 2], [2, 0, 2], [2, 1, 3]]
        }
    },

    "O+":{
        "charge": 1,
        "Io": 35.12112,
        "noElectrons": 7,
        "atomicNumber": 8,
        "mass": 15.999,
        "cores": {
            "1": [[1, 0, 2], [2, 0, 2], [2, 1, 3]],
            "2": [[1, 0, 2], [2, 0, 1], [2, 1, 4]],
            "3": [[1, 0, 2], [2, 0, 2], [2, 1, 2]],
            "4": [[1, 0, 2], [2, 0, 1], [2, 1, 3]]
        }
    },

    "O++":{
        "charge": 2,
        "Io": 54.93554,
        "noElectrons": 6,
        "atomicNumber": 8,
        "mass": 15.999,
        "cores": {
            "1": [[1, 0, 2], [2, 0, 2], [2, 1, 2]],
            "2": [[1, 0, 2], [2, 0, 1], [2, 1, 3]],
            "3": [[1, 0, 2], [2, 1, 4]],
            "4": [[1, 0, 2], [2, 0, 2], [2, 1, 1]],
            "5": [[1, 0, 2], [2, 0, 1], [2, 1, 2]]
        }
    },

    "F+":{
        "charge": 1,
        "Io": 34.97081,
        "noElectrons": 8,
        "atomicNumber": 9,
        "mass": 18.998403,
        "cores": {
            "1": [[1, 0, 2], [2, 0, 2], [2, 1, 4]],
            "2": [[1, 0, 2], [2, 0, 1], [2, 1, 5]],
            "3": [[1, 0, 2], [2, 0, 2], [2, 1, 3]],
            "4": [[1, 0, 2], [2, 0, 1], [2, 1, 4]]
        }
    },

    "F++":{
        "charge": 2,
        "Io": 62.70798,
        "noElectrons": 7,
        "atomicNumber": 9,
        "mass": 18.998403,
        "cores": {
            "1": [[1, 0, 2], [2, 0, 2], [2, 1, 3]],
            "2": [[1, 0, 2], [2, 0, 1], [2, 1, 4]],
            "3": [[1, 0, 2], [2, 0, 2], [2, 1, 2]],
            "4": [[1, 0, 2], [2, 1, 5]],
            "5": [[1, 0, 2], [2, 0, 1], [2, 1, 3]]
        }
    },

    "F+++":{
        "charge": 3,
        "Io": 87.175,
        "noElectrons": 6,
        "atomicNumber": 9,
        "mass": 18.998403,
        "cores": {
            "1": [[1, 0, 2], [2, 0, 2], [2, 1, 2]],
            "2": [[1, 0, 2], [2, 0, 1], [2, 1, 3]],
            "3": [[1, 0, 2], [2, 1, 4]],
            "4": [[1, 0, 2], [2, 0, 2], [2, 1, 1]],
            "5": [[1, 0, 2], [2, 0, 1], [2, 1, 2]]
        }
    },

    "Ne++":{
        "charge": 2,
        "Io": 63.4233,
        "noElectrons": 8,
        "atomicNumber": 10,
        "mass": 20.1797,
        "cores": {
            "1": [[1, 0, 2], [2, 0, 2], [2, 1, 4]],
            "2": [[1, 0, 2], [2, 0, 1], [2, 1, 5]],
            "3": [[1, 0, 2], [2, 0, 1], [2, 1, 3]],
            "4": [[1, 0, 2], [2, 0, 2], [2, 1, 2]]
        }
    },

    "Ne+++":{
        "charge": 3,
        "Io": 97.1900,
        "noElectrons": 7,
        "atomicNumber": 10,
        "mass": 20.1797,
        "cores": {
            "1": [[1, 0, 2], [2, 0, 2], [2, 1, 3]],
            "2": [[1, 0, 2], [2, 0, 1], [2, 1, 4]],
            "3": [[1, 0, 2], [2, 0, 2], [2, 1, 2]],
            "4": [[1, 0, 2], [2, 0, 1], [2, 1, 3]]
        }
    }
}