{
    "N2":{
        "charge": 0,
        "noElectrons": 14,
        "reducedMass": 7.00335,
        "symmetryFactor": 2,
        "spectralData": {
            "Te": [0, 50203.6, 59619.35, 59808, 66272.4, 68152.7, 69283.06, 72097, 76436, 87900, 89136],
            "gi": [1, 3, 6, 6, 3, 1, 2, 2, 5, 6, 6],
            "we": [2358.57, 1460.64, 1733.39, 1501.4, 1516.88, 1530.25, 1694.2, 1559.26, 667.0, 742.49, 2047.18],
            "wexe": [14.324, 13.87, 14.122, 11.6, 12.18, 12.07, 13.949, 11.63, 0, 11.85, 28.445],
            "weye": [-0.00226, 0.0103, -0.0569, 0.0, 0.04186, 0.04129, 0.007935, 0, 0, 0, 2.08833],
            "weze": [-0.240E-3, -0.1970E-3, 0.3610E-3, 0.0, -0.732E-3, -0.290E-3, 0.291E-3, 0.0, 0.0, 0.0, -0.535E-3],
            "weke": [0.0, 0.0, 0.0, 0.0, 0.0, 0.0, 0.0, 0.0, 0.0, 0.0, 0.0],

            "Ediss": [78714.24, -29694.33, -39490, -39301, -42452, -50181, -49051, -46237, -3448, -11209, -9972],

            "Be": [1.9982, 1.4546, 1.6374, 1.47, 1.4733, 1.4799, 1.6189, 1.498, 0.921, 0.928, 1.8247],
            "alphaE": [1.732E-2, 1.80E-2, 1.791E-2, 1.71E-2, 1.666E-2, 1.657E-2, 1.793E-2, 1.66E-2, 0.0, 1.61E-2, 1.866E-2],
            "gammaE": [-0.33E-4, -0.88E-4, -0.77E-4, 0.0, 0.0, 0.241E-4, -0.293E-4, 0.0, 0.0, 0.0, -22.8E-4],
            "deltaE": [0.0, 0.0, 0.0, 0.0, 0.0, 0.0, 0.0, 0.0, 0.0, 0.0, 7.33E-4],
            "etaE": [0.0, 0.0, 0.0, 0.0, 0.0, 0.0, 0.0, 0.0, 0.0, 0.0, -1.5E-4],
            
            "De": [5.76E-6, 6.15E-6, 5.9E-6, 0.0, 5.56E-6, 5.56E-6, 5.89E-6, 0.0, 0.0, 5E-6, 0.0],
            "betaE": [0.0, 0.0, 0.0, 0.0, 0.0, 0.0, 0.0, 0.0, 0.0, 0.0, 0.0],
            "gE": [0.0, 0.0, 0.0, 0.0, 0.0, 0.0, 0.0, 0.0, 0.0, 0.0, 0.0],

            "Hv0": [0.0, 0.0, 0.0, 0.0, 0.0, 0.0, 0.0, 0.0, 0.0, 0.0, 0.0],
            "Hv1": [0.0, 0.0, 0.0, 0.0, 0.0, 0.0, 0.0, 0.0, 0.0, 0.0, 0.0],
            "re": [1.0977, 1.2866, 1.2126, 1.28, 1.2784, 1.2755, 1.2203, 1.268, 1.6170, 1.6107, 1.1487]
        }
    },

    "O2":{
        "charge": 0,
        "noElectrons": 16,
        "reducedMass": 15.999,
        "symmetryFactor": 2,
        "spectralData": {
            "Te": [0, 7918.1, 13195.1, 33057.3, 34690, 35397.8, 39279, 49793.28, 54031, 55524, 57041, 67841, 69123, 72842, 74866, 75260, 76091, 79883, 82166],
            "gi": [3, 2, 1, 1, 6, 3, 10, 3, 3, 6, 6, 8, 8, 2, 2, 3, 1, 3, 1],
            "we": [1580.19, 1483.5, 1432.77, 794.29, 850, 799.07, 200.0, 709.31, 537, 200, 200, 1626.4, 705.6, 499.5, 200, 1957, 1927, 2547, 792.4],
            "wexe": [11.98, 12.9, 14, 12.736, 20, 12.16, 0, 10.65, 13.73, 0.0, 0.0, 163.7, 9.6, 13.5, 0, 19.7, 19, 0, 7.7],
            "weye": [0.04747, 0.0, 0.0, -0.2444, 0, -0.55, 0, -0.139, 0.0, 0.0, 0.0, 0.0, 0.0, 0.0, 0.0, 0.0, 0.0, 0.0, 0.0],
            "weze": [-0.001273, 0.0, 0.0, 0.0055, 0.0, 0.0, 0.0, 0.0, 0.0, 0.0, 0.0, 0.0, 0.0, 0.0, 0.0, 0.0, 0.0, 0.0, 0.0],
            "weke": [0.0, 0.0, 0.0, 0.0, 0.0, 0.0, 0.0, 0.0, 0.0, 0.0, 0.0, 0.0, 0.0, 0.0, 0.0, 0.0, 0.0, 0.0, 0.0],
            
            "Ediss": [41260.08, 33378, -28852.9, -8991, -7358, -6651, -2769, -8044.4, -3806.7, -2637, -1186, -8961, -7299, -3525, -1581, -22101, -21270, -17578, -13333],
            
            "Be": [1.43768, 1.4264, 1.40037, 0.9155, 0.96, 0.9106, 0.53, 0.819, 0.49, 0.7117, 0.5706, 0.819, 0.788, 0.547, 0.5259, 1.73, 1.703, 1.4638, 0.811],
            "alphaE": [1.593E-2, 1.71E-2, 1.82E-2, 1.391E-2, 2.6E-2, 1.41E-2, 0.0, 1.206E-2, 0.0, 0.0, 0.0, 3.88E-2, 1.01E-2, 1.02E-2, 0.0, 2.5E-2, 2.0E-2, 0.0, 0.92E-2],
            "gammaE": [0.641E-4, 0.0, -0.42E-4, -7.4E-4, 0.0 , -9.7E-4, 0.0, -5.56E-4, 0.0, 0.0, 0.0, 0.0, 0.0, 0.0, 0.0, 0.0, 0.0, 0.0, 0.0],
            "deltaE": [-2.85E-6, 0.0, 0.0, 0.0, 0.0, 0.0, 0.0, 0.0, 0.0, 0.0, 0.0, 0.0, 0.0, 0.0, 0.0, 0.0, 0.0, 0.0, 0.0],
            "etaE": [0.0, 0.0, 0.0, 0.0, 0.0, 0.0, 0.0, 0.0, 0.0, 0.0, 0.0, 0.0, 0.0, 0.0, 0.0, 0.0, 0.0, 0.0, 0.0],
            
            "De": [4.839E-6, 4.86E-6, 5.351E-6, 7.4E-6, 5.0E-6, 4.7E-6, 0.0, 4.55E-6, 3.33E-6, 50.6E-6, 32.5E-6, 1.01E-6, 5.0E-6, 4.8E-6, 27.6E-6, 3.12E-6, 3.12E-6, 1.332E-6, 4.2E-6], 
            "betaE": [0.0, 0.0, 0.0, 0.0, 0.0, 0.0, 0.0, 0.0, 0.0, 0.0, 0.0, 0.0, 0.0, 0.0, 0.0, 0.0, 0.0, 0.0, 0.0],
            "gE": [0.0, 0.0, 0.0, 0.0, 0.0, 0.0, 0.0, 0.0, 0.0, 0.0, 0.0, 0.0, 0.0, 0.0, 0.0, 0.0, 0.0, 0.0, 0.0],
            
            "Hv0": [0.0, 0.0, 0.0, 0.0, 0.0, 0.0, 0.0, 0.0, 0.0, 0.0, 0.0, 0.0, 0.0, 0.0, 0.0, 0.0, 0.0, 0.0, 0.0],
            "Hv1": [0.0, 0.0, 0.0, 0.0, 0.0, 0.0, 0.0, 0.0, 0.0, 0.0, 0.0, 0.0, 0.0, 0.0, 0.0, 0.0, 0.0, 0.0, 0.0],
            "re": [1.2075, 1.2156, 1.2269, 1.5174, 1.48, 1.5215, 1.9940, 1.6043, 2.074, 1.721, 1.922, 1.62, 1.631, 1.961, 2.002, 1.104, 1.113, 1.2, 1.611]
        }
    }
}